requisito_id;curso_id;materia_id;nivel;inscritos;nombre_materia;cantidad_docente;seccion;clase_compartida;tipo_materia;horas_semanales_tipicas;frecuencia_semanal;duracion_sesion_horas;horario_entrada;horario_salida;lunes;martes;miercoles;jueves;viernes
25001;1°Inf (A);CI-IC-001;Infantil;15;Canto Infantil;2;Todos;Individual;Regular;2;2;1;15:00:00;18:00:00;0;1;1;1;0
25006;1°Inf (B);CI-IC-001;Infantil;15;Canto Infantil;2;Todos;Individual;Regular;2;2;1;15:00:00;18:00:00;0;1;1;1;0
25002;1°Inf (A);TC-IC-001;Infantil;15;Teclado;1;Todos;Individual;Regular;2;2;1;15:00:00;18:00:00;0;1;1;1;0
25007;1°Inf (B);TC-IC-001;Infantil;15;Teclado;1;Todos;Individual;Regular;2;2;1;15:00:00;18:00:00;0;1;1;1;0
25003;1°Inf (A);CA-IC-001;Infantil;15;Creatividad Artistica;1;Todos;Individual;Regular;2;2;1;15:00:00;18:00:00;0;1;1;1;0
25008;1°Inf (B);CA-IC-001;Infantil;15;Creatividad Artistica;1;Todos;Individual;Regular;2;2;1;15:00:00;18:00:00;0;1;1;1;0
25004;1°Inf (A);RT-IC-001;Infantil;15;Ritmica Infantil;1;Todos;Individual;Regular;2;2;1;15:00:00;18:00:00;0;1;1;1;0
25009;1°Inf (B);RT-IC-001;Infantil;15;Ritmica Infantil;1;Todos;Individual;Regular;2;2;1;15:00:00;18:00:00;0;1;1;1;0
25005;1°Inf (A);AM-IC-001;Infantil;15;Apreciacion Musical;1;Todos;Individual;Regular;1;1;1;15:00:00;18:00:00;0;1;1;1;0
25010;1°Inf (B);AM-IC-001;Infantil;15;Apreciacion Musical;1;Todos;Individual;Regular;1;1;1;15:00:00;18:00:00;0;1;1;1;0
25011;2°Inf (A);RT-IC-002;Infantil;18;Ritmica Infantil;1;Todos;Individual;Regular;2;2;1;15:00:00;18:00:00;1;0;1;0;1
25016;2°Inf (B);RT-IC-002;Infantil;6;Ritmica Infantil;1;Todos;Individual;Regular;2;2;1;15:00:00;18:00:00;1;1;0;1;0
25012;2°Inf (A);TC-IC-002;Infantil;18;Teclado;1;Todos;Individual;Regular;2;2;1;15:00:00;18:00:00;1;0;1;0;1
25017;2°Inf (B);TC-IC-002;Infantil;6;Teclado;1;Todos;Individual;Regular;2;2;1;15:00:00;18:00:00;1;1;0;1;0
25013;2°Inf (A);CA-IC-002;Infantil;18;Creatividad Artistica;1;Todos;Individual;Regular;2;2;1;15:00:00;18:00:00;1;0;1;0;1
25018;2°Inf (B);CA-IC-002;Infantil;6;Creatividad Artistica;1;Todos;Individual;Regular;2;2;1;15:00:00;18:00:00;1;1;0;1;0
25014;2°Inf (A);AM-IC-002;Infantil;18;Apreciacion Musical;1;Todos;Individual;Regular;1;1;1;15:00:00;18:00:00;1;0;1;0;1
25019;2°Inf (B);AM-IC-002;Infantil;6;Apreciacion Musical;1;Todos;Individual;Regular;1;1;1;15:00:00;18:00:00;1;1;0;1;0
25015;2°Inf (A);CI-IC-002;Infantil;18;Canto Infantil;2;Todos;Individual;Regular;2;2;1;15:00:00;18:00:00;1;0;1;0;1
25020;2°Inf (B);CI-IC-002;Infantil;6;Canto Infantil;2;Todos;Individual;Regular;2;2;1;15:00:00;18:00:00;1;1;0;1;0
25021;3°Inf (A);RT-IC-003;Infantil;23;Ritmica Infantil;1;Todos;Individual;Regular;2;2;1;15:00:00;18:00:00;1;0;1;0;1
25027;3°Inf (B);RT-IC-003;Infantil;10;Ritmica Infantil;1;Todos;Individual;Regular;2;2;1;15:00:00;18:00:00;0;1;0;1;1
25022;3°Inf (A);TC-IC-003;Infantil;23;Teclado ;1;Todos;Individual;Regular;1;1;1;15:00:00;18:00:00;1;0;1;0;1
25028;3°Inf (B);TC-IC-003;Infantil;10;Teclado ;1;Todos;Individual;Regular;1;1;1;15:00:00;18:00:00;0;1;0;1;1
25023;3°Inf (A);DI-IC-001;Infantil;23;Desarrollo Intelectual;1;Todos;Individual;Regular;1;1;1;15:00:00;18:00:00;1;0;1;0;1
25029;3°Inf (B);DI-IC-001;Infantil;10;Desarrollo Intelectual;1;Todos;Individual;Regular;1;1;1;15:00:00;18:00:00;0;1;0;1;1
25024;3°Inf (A);AM-IC-003;Infantil;23;Apreciacion Musical;1;Todos;Individual;Regular;1;1;1;15:00:00;18:00:00;1;0;1;0;1
25030;3°Inf (B);AM-IC-003;Infantil;10;Apreciacion Musical;1;Todos;Individual;Regular;1;1;1;15:00:00;18:00:00;0;1;0;1;1
25025;3°Inf (A);CI-IC-003;Infantil;23;Canto Infantil;2;Todos;Individual;Regular;2;2;1;15:00:00;18:00:00;1;0;1;0;1
25031;3°Inf (B);CI-IC-003;Infantil;10;Canto Infantil;2;Todos;Individual;Regular;2;2;1;15:00:00;18:00:00;0;1;0;1;1
25026;3°Inf (A);FD-IC-001;Infantil;23;Flauta Dulce;1;Todos;Individual;Regular;2;2;1;15:00:00;18:00:00;1;0;1;0;1
25032;3°Inf (B);FD-IC-001;Infantil;10;Flauta Dulce;1;Todos;Individual;Regular;2;2;1;15:00:00;18:00:00;0;1;0;1;1
25033;1°Ini (A);SR-INC-001;Inicial;29;Solfeo-Ritmica;1;Todos;Individual;Regular;2;2;1;15:00:00;19:00:00;1;0;1;0;1
25041;1°Ini (B);SR-INC-001;Inicial;28;Solfeo-Ritmica;1;Todos;Individual;Regular;2;2;1;15:00:00;19:00:00;1;0;1;0;1
25034;1°Ini (A);LEM-INC-001;Inicial;29;Lecto-Escritura;1;Todos;Individual;Regular;1;1;1;15:00:00;19:00:00;1;0;1;0;1
25042;1°Ini (B);LEM-INC-001;Inicial;28;Lecto-Escritura;1;Todos;Individual;Regular;1;1;1;15:00:00;19:00:00;1;0;1;0;1
25035;1°Ini (A);FD-INC-001;Inicial;29;Flauta Dulce;1;Todos;Individual;Regular;1;1;1;15:00:00;19:00:00;1;0;1;0;1
25043;1°Ini (B);FD-INC-001;Inicial;28;Flauta Dulce;1;Todos;Individual;Regular;1;1;1;15:00:00;19:00:00;1;0;1;0;1
25036;1°Ini (A);TC-INC-001;Inicial;29;Teclado;1;Todos;Individual;Regular;2;2;1;15:00:00;19:00:00;1;0;1;0;1
25044;1°Ini (B);TC-INC-001;Inicial;28;Teclado;1;Todos;Individual;Regular;2;2;1;15:00:00;19:00:00;1;0;1;0;1
25037;1°Ini (A);AM-INC-001;Inicial;29;Apreciacion Musical;1;Todos;Individual;Regular;1;1;1;15:00:00;19:00:00;1;0;1;0;1
25045;1°Ini (B);AM-INC-001;Inicial;28;Apreciacion Musical;1;Todos;Individual;Regular;1;1;1;15:00:00;19:00:00;1;0;1;0;1
25038;1°Ini (A);DI-INC-001;Inicial;29;Desarrollo Intelectual;1;Todos;Individual;Regular;1;1;1;15:00:00;19:00:00;1;0;1;0;1
25046;1°Ini (B);DI-INC-001;Inicial;28;Desarrollo Intelectual;1;Todos;Individual;Regular;1;1;1;15:00:00;19:00:00;1;0;1;0;1
25039;1°Ini (A);PC-INC-001;Inicial;29;Practica Coral;2;Todos;Practica Coral;Regular;2;2;1;15:00:00;19:00:00;1;0;1;0;1
25047;1°Ini (B);PC-INC-001;Inicial;28;Practica Coral;2;Todos;Practica Coral;Regular;2;2;1;15:00:00;19:00:00;1;0;1;0;1
25040;1°Ini (A);INI-INC-001;Inicial;29;Iniciacion Instrumental;4;Todos;Individual;Regular;2;2;1;15:00:00;19:00:00;1;0;1;0;1
25048;1°Ini (B);INI-INC-001;Inicial;28;Iniciacion Instrumental;4;Todos;Individual;Regular;2;2;1;15:00:00;19:00:00;1;0;1;0;1
25049;2°Ini (A);SR-INC-002;Inicial;21;Solfeo-Ritmica;1;Todos;Individual;Regular;2;2;1;15:00:00;19:00:00;1;0;1;0;1
25056;2°Ini (B);SR-INC-002;Inicial;21;Solfeo-Ritmica;1;Todos;Individual;Regular;2;2;1;15:00:00;19:00:00;1;0;1;0;1
25050;2°Ini (A);LEM-INC-002;Inicial;21;Lecto-Escritura;1;Todos;Individual;Regular;2;2;1;15:00:00;19:00:00;1;0;1;0;1
25057;2°Ini (B);LEM-INC-002;Inicial;21;Lecto-Escritura;1;Todos;Individual;Regular;2;2;1;15:00:00;19:00:00;1;0;1;0;1
25051;2°Ini (A);FD-INC-002;Inicial;21;Flauta Dulce;1;Todos;Individual;Regular;2;2;1;15:00:00;19:00:00;1;0;1;0;1
25058;2°Ini (B);FD-INC-002;Inicial;21;Flauta Dulce;1;Todos;Individual;Regular;2;2;1;15:00:00;19:00:00;1;0;1;0;1
25052;2°Ini (A);TC-INC-002;Inicial;21;Teclado;1;Todos;Individual;Regular;2;2;1;15:00:00;19:00:00;1;0;1;0;1
25059;2°Ini (B);TC-INC-002;Inicial;21;Teclado;1;Todos;Individual;Regular;2;2;1;15:00:00;19:00:00;1;0;1;0;1
25053;2°Ini (A);AM-INC-002;Inicial;21;Apreciacion Musical;1;Todos;Individual;Regular;1;1;1;15:00:00;19:00:00;1;0;1;0;1
25060;2°Ini (B);AM-INC-002;Inicial;21;Apreciacion Musical;1;Todos;Individual;Regular;1;1;1;15:00:00;19:00:00;1;0;1;0;1
25054;2°Ini (A);DI-INC-002;Inicial;21;Desarrollo Intelectual;1;Todos;Individual;Regular;1;1;1;15:00:00;19:00:00;1;0;1;0;1
25061;2°Ini (B);DI-INC-002;Inicial;21;Desarrollo Intelectual;1;Todos;Individual;Regular;1;1;1;15:00:00;19:00:00;1;0;1;0;1
25055;2°Ini (A);PC-INC-002;Inicial;21;Practica Coral;2;Todos;Practica Coral;Regular;2;2;1;15:00:00;19:00:00;1;0;1;0;1
25062;2°Ini (B);PC-INC-002;Inicial;21;Practica Coral;2;Todos;Practica Coral;Regular;2;2;1;15:00:00;19:00:00;1;0;1;0;1
25063;3°Ini;SR-INC-003;Inicial;20;Solfeo-Ritmica;1;Todos;Individual;Regular;2;2;1;15:00:00;19:00:00;1;0;1;0;1
25064;3°Ini;TM-INC-003;Inicial;20;Teoria de la Musica;1;Todos;Individual;Regular;2;2;1;15:00:00;19:00:00;1;0;1;0;1
25065;3°Ini;FD-INC-003;Inicial;20;Flauta Dulce;1;Todos;Individual;Regular;2;2;1;15:00:00;19:00:00;1;0;1;0;1
25066;3°Ini;TC-INC-003;Inicial;20;Teclado;1;Todos;Individual;Regular;2;2;1;15:00:00;19:00:00;1;0;1;0;1
25067;3°Ini;AMC-INC-003;Inicial;20;Apreciacion Musical;1;Todos;Individual;Regular;1;1;1;15:00:00;19:00:00;1;0;1;0;1
25068;3°Ini;DI-INC-003;Inicial;20;Desarrollo Intelectual;1;Todos;Individual;Regular;1;1;1;15:00:00;19:00:00;1;0;1;0;1
25069;3°Ini;PC-INC-003;Inicial;20;Practica Coral;2;Todos;Practica Coral;Regular;2;2;1;15:00:00;19:00:00;1;0;1;0;1
25071;1°Bas;SR-BC-001;Basico;29;Solfeo-Ritmica;1;Todos;Individual;Regular;2;2;1;15:00:00;19:00:00;1;0;1;0;1
25072;1°Bas;TM-BC-001;Basico;29;Teoria de la Musica;1;Todos;Individual;Regular;2;2;1;15:00:00;19:00:00;1;0;1;0;1
25073;1°Bas;DM-BC-001;Basico;29;Dictado Musical;1;Todos;Individual;Regular;2;2;1;15:00:00;19:00:00;1;0;1;0;1
25074;1°Bas;AM-BC-001;Basico;29;Apreciacion Musical;1;Todos;Individual;Regular;1;1;1;15:00:00;19:00:00;1;0;1;0;1
25075;1°Bas;CN-BC-001;Basico;29;Practica Coral (CN);2;Todos;Practica Coral (CN);Regular;3;3;1;15:00:00;19:00:00;1;0;1;0;1
25077;1°Bas;OF-BC-001;Basico;29;Orquesta Folklorica (A);2;Todos;Orquesta Folklorica (A);Regular;2;2;1;15:00:00;19:00:00;1;0;1;0;1
25078;2°Bas;SR-BC-002;Basico;28;Solfeo-Ritmica;1;Todos;Individual;Regular;2;2;1;15:00:00;19:00:00;1;0;1;0;1
25079;2°Bas;TM-BC-002;Basico;28;Teoria de la Musica;1;Todos;Individual;Regular;2;2;1;15:00:00;19:00:00;1;0;1;0;1
25080;2°Bas;DM-BC-002;Basico;28;Dictado Musical;1;Todos;Individual;Regular;2;2;1;15:00:00;19:00:00;1;0;1;0;1
25081;2°Bas;AM-BC-002;Basico;28;Apreciacion Musical;1;Todos;Individual;Regular;1;1;1;15:00:00;19:00:00;1;0;1;0;1
25082;2°Bas;CN-BC-002;Basico;28;Practica Coral (CN);2;Todos;Practica Coral (CN);Regular;3;3;1;15:00:00;19:00:00;1;0;1;0;1
25084;2°Bas;OF-BC-002;Basico;28;Orquesta Folklorica (A);2;Todos;Orquesta Folklorica (A);Regular;2;2;1;15:00:00;19:00:00;1;0;1;0;1
25085;3°Bas;SR-BC-003;Basico;9;Solfeo-Ritmica;1;Todos;Individual;Regular;2;2;1;15:00:00;19:00:00;1;0;1;0;1
25086;3°Bas;TM-BC-003;Basico;9;Teoria de la Musica;1;Todos;Individual;Regular;2;2;1;15:00:00;19:00:00;1;0;1;0;1
25087;3°Bas;DM-BC-003;Basico;9;Dictado Musical;1;Todos;Individual;Regular;2;2;1;15:00:00;19:00:00;1;0;1;0;1
25088;3°Bas;ITV-BC-001;Basico;9;Iniciación a la Tecnica Vocal;1;Canto;Individual;Regular;1;1;1;15:00:00;19:00:00;1;0;1;0;1
25089;3°Bas;CN-BC-003;Basico;9;Practica Coral (CN);1;Todos;Practica Coral (CN);Regular;3;3;1;15:00:00;19:00:00;1;0;1;0;1
25091;3°Bas;OF-BC-003;Basico;9;Orquesta Folklorica (A);2;Todos;Orquesta Folklorica (A);Regular;2;2;1;15:00:00;19:00:00;1;0;1;0;1
25092;1°Inv (A);SR-ITC-001;Intensivo;32;Solfeo-Ritmica;1;Todos;Individual;Regular;2;2;1;17:00:00;21:00:00;1;0;1;0;1
25101;1°Inv (B);SR-ITC-001;Intensivo;32;Solfeo-Ritmica;1;Todos;Individual;Regular;2;2;1;17:00:00;21:00:00;1;0;1;0;1
25093;1°Inv (A);TM-ITC-001;Intensivo;32;Teoria de la Musica;1;Todos;Individual;Regular;1;1;1;17:00:00;21:00:00;1;0;1;0;1
25102;1°Inv (B);TM-ITC-001;Intensivo;32;Teoria de la Musica;1;Todos;Individual;Regular;1;1;1;17:00:00;21:00:00;1;0;1;0;1
25094;1°Inv (A);DIM-ITC-001;Intensivo;32;Dictado Musical;1;Todos;Individual;Regular;1;1;1;17:00:00;21:00:00;1;0;1;0;1
25103;1°Inv (B);DIM-ITC-001;Intensivo;32;Dictado Musical;1;Todos;Individual;Regular;1;1;1;17:00:00;21:00:00;1;0;1;0;1
25095;1°Inv (A);AMT-ITC-001;Intensivo;32;Apreciacion Musical;1;Todos;Individual;Regular;1;1;1;17:00:00;21:00:00;1;0;1;0;1
25104;1°Inv (B);AMT-ITC-001;Intensivo;32;Apreciacion Musical;1;Todos;Individual;Regular;1;1;1;17:00:00;21:00:00;1;0;1;0;1
25096;1°Inv (A);FD-ITC-001;Intensivo;32;Flauta Dulce;1;Todos;Individual;Regular;2;2;1;17:00:00;21:00:00;1;0;1;0;1
25105;1°Inv (B);FD-ITC-001;Intensivo;32;Flauta Dulce;1;Todos;Individual;Regular;2;2;1;17:00:00;21:00:00;1;0;1;0;1
25097;1°Inv (A);TC-ITC-001;Intensivo;32;Teclado;1;Todos;Individual;Regular;2;2;1;17:00:00;21:00:00;1;0;1;0;1
25106;1°Inv (B);TC-ITC-001;Intensivo;32;Teclado;1;Todos;Individual;Regular;2;2;1;17:00:00;21:00:00;1;0;1;0;1
25098;1°Inv (A);PC-ITC-001;Intensivo;32;Practica Coral (J);2;Canto;Practica Coral (J);Regular;2;2;1;17:00:00;21:00:00;1;0;1;0;1
25107;1°Inv (B);PC-ITC-001;Intensivo;32;Practica Coral (J);2;Canto;Practica Coral (J);Regular;2;2;1;17:00:00;21:00:00;1;0;1;0;1
25100;1°Inv (A);INI-ITC-001;Intensivo;32;Iniciacion Instrumental;4;Todos;Individual;Regular;1;1;1;17:00:00;21:00:00;1;0;1;0;1
25109;1°Inv (B);INI-ITC-001;Intensivo;32;Iniciacion Instrumental;4;Todos;Individual;Regular;1;1;1;17:00:00;21:00:00;1;0;1;0;1
25110;2°Inv;SR-ITC-002;Intensivo;32;Solfeo-Ritmica;1;Todos;Individual;Regular;2;2;1;17:00:00;21:00:00;1;0;1;0;1
25111;2°Inv;TM-ITC-002;Intensivo;32;Teoria de la Musica;1;Todos;Individual;Regular;2;2;1;17:00:00;21:00:00;1;0;1;0;1
25112;2°Inv;DM-ITC-002;Intensivo;32;Dictado Musical;1;Todos;Individual;Regular;2;2;1;17:00:00;21:00:00;1;0;1;0;1
25113;2°Inv;FD-ITC-002;Intensivo;32;Flauta Dulce;1;Todos;Individual;Regular;1;1;1;17:00:00;21:00:00;1;0;1;0;1
25114;2°Inv;TC-ITC-002;Intensivo;32;Teclado;1;Todos;Individual;Regular;1;1;1;17:00:00;21:00:00;1;0;1;0;1
25115;2°Inv;CJ-ITC-001;Intensivo;32;Practica Coral (CJ);2;Direccion;Practica Coral (CJ);Regular;2;2;1;17:00:00;21:00:00;1;0;1;0;1
25117;2°Inv;OF-ITC-001;Intensivo;32;Orquesta Folklorica (A);2;Todos;Orquesta Folklorica (A);Regular;2;2;1;17:00:00;21:00:00;1;0;1;0;1
25118;3°Inv;SR-ITC-003;Intensivo;33;Solfeo-Ritmica;1;Todos;Individual;Regular;2;2;1;17:00:00;21:00:00;1;0;1;0;1
25119;3°Inv;TM-ITC-003;Intensivo;33;Teoria de la Musica;1;Todos;Individual;Regular;2;2;1;17:00:00;21:00:00;1;0;1;0;1
25120;3°Inv;DM-ITC-003;Intensivo;33;Dictado Musical;1;Todos;Individual;Regular;2;2;1;17:00:00;21:00:00;1;0;1;0;1
25121;3°Inv;FD-ITC-003;Intensivo;33;Flauta Dulce;1;Todos;Individual;Regular;1;1;1;17:00:00;21:00:00;1;0;1;0;1
25122;3°Inv;TC-ITC-003;Intensivo;33;Teclado;1;Todos;Individual;Regular;1;1;1;17:00:00;21:00:00;1;0;1;0;1
25123;3°Inv;CJ-ITC-002;Intensivo;33;Practica Coral (CJ);2;Direccion;Practica Coral (CJ);Regular;2;2;1;17:00:00;21:00:00;1;0;1;0;1
25125;3°Inv;OF-ITC-002;Intensivo;33;Orquesta Folklorica (A);2;Todos;Orquesta Folklorica (A);Regular;2;2;1;17:00:00;21:00:00;1;0;1;0;1
25126;1°Int;SR-IMC-001;Intermedio;27;Solfeo-Ritmica;1;Todos;Individual;Regular;2;2;1;17:00:00;21:00:00;1;0;1;0;1
25127;1°Int;DM-IMC-001;Intermedio;27;Dictado Musical;1;Todos;Individual;Regular;1;1;1;17:00:00;21:00:00;1;0;1;0;1
25128;1°Int;ARM-IMC-001;Intermedio;27;Armonia;1;Piano;Individual;Regular;1;1;1;17:00:00;21:00:00;1;0;1;0;1
25129;1°Int;TV-IMC-001;Intermedio;27;Tecnica Vocal;1;Canto;Individual;Regular;1;1;1;17:00:00;21:00:00;1;0;1;0;1
25130;1°Int;HA-IMC-001;Intermedio;27;Historia del Arte;1;Todos;Individual;Regular;1;1;1;17:00:00;21:00:00;1;0;1;0;1
25131;1°Int;CJ-IMC-001;Intermedio;27;Practica Coral (CJ);2;Direccion;Practica Coral (CJ);Regular;3;3;1;17:00:00;21:00:00;1;0;1;0;1
25133;1°Int;OF-IMC-001;Intermedio;27;Orquesta Folklorica (B);2;Todos;Orquesta Folklorica (B);Regular;3;3;1;17:00:00;21:00:00;1;0;1;0;1
25134;2°Int;SR-IMC-002;Intermedio;17;Solfeo-Ritmica;1;Todos;Individual;Regular;2;2;1;17:00:00;21:00:00;1;0;1;0;1
25135;2°Int;DM-IMC-002;Intermedio;17;Dictado Musical;1;Todos;Individual;Regular;1;1;1;17:00:00;21:00:00;1;0;1;0;1
25136;2°Int;ARM-IMC-002;Intermedio;17;Armonia;1;Piano;Individual;Regular;1;1;1;17:00:00;21:00:00;1;0;1;0;1
25137;2°Int;ANM-IMC-001;Intermedio;17;Analisis Musical;1;Todos;Individual;Regular;1;1;1;17:00:00;21:00:00;1;0;1;0;1
25138;2°Int;HA-IMC-002;Intermedio;17;Historia del Arte;1;Todos;Individual;Regular;1;1;1;17:00:00;21:00:00;1;0;1;0;1
25139;2°Int;CJ-IMC-002;Intermedio;17;Practica Coral (CJ);2;Direccion;Practica Coral (CJ);Regular;3;3;1;17:00:00;21:00:00;1;0;1;0;1
25141;2°Int;OF-IMC-002;Intermedio;17;Orquesta Folklorica (B);2;Direccion;Orquesta Folklorica (B);Regular;3;3;1;17:00:00;21:00:00;1;0;1;0;1
25142;3°Int;SR-IMC-003;Intermedio;7;Solfeo-Ritmica;1;Todos;Individual;Regular;2;2;1;17:00:00;21:00:00;1;0;1;0;1
25143;3°Int;DM-IMC-003;Intermedio;7;Dictado Musical;1;Todos;Individual;Regular;1;1;1;17:00:00;21:00:00;1;0;1;0;1
25144;3°Int;AR-IMC-003;Intermedio;7;Armonia;1;Piano;Individual;Regular;1;1;1;17:00:00;21:00:00;1;0;1;0;1
25145;3°Int;ANM-IMC-002;Intermedio;7;Analisis Musical;1;Todos;Individual;Regular;1;1;1;17:00:00;21:00:00;1;0;1;0;1
25146;3°Int;HM-IMC-001;Intermedio;7;Historia de la Musica;1;Todos;Individual;Regular;1;1;1;17:00:00;21:00:00;1;0;1;0;1
25147;3°Int;CJ-IMC-003;Intermedio;7;Practica Coral (CJ);2;Direccion;Practica Coral (CJ);Regular;3;3;1;17:00:00;21:00:00;1;0;1;0;1
25149;3°Int;OF-IMC-003;Intermedio;7;Orquesta Folklorica (B);2;Todos;Orquesta Folklorica (B);Regular;3;3;1;17:00:00;21:00:00;1;0;1;0;1
35001;Orquestal;INC-OC;3°Ini-3°Int;200;Inc. Orq Cuerdas;2;Cuerda;Individual;Orquestal;4;2;2;15:00:00;21:00:00;0;1;0;1;0
35002;Orquestal;INC-OG;3°Ini-3°Int;200;Inc. Orq Guitarra;1;Guitarra;Individual;Orquestal;4;2;2;15:00:00;21:00:00;0;1;0;1;0
35003;Orquestal;INC-FL;3°Ini-3°Int;200;Inc. Orq Flautas;1;Viento;Individual;Orquestal;4;2;2;15:00:00;21:00:00;0;1;0;1;0
35004;Orquestal;OCA;3°Ini-3°Int;200;Orquesta de Cuerdas (A);1;Cuerda;Individual;Orquestal;4;2;2;15:00:00;21:00:00;0;1;0;1;0
35005;Orquestal;OGA;3°Ini-3°Int;200;Orquesta de Guitarras (A);1;Guitarra;Individual;Orquestal;4;2;2;15:00:00;21:00:00;0;1;0;1;0
35006;Orquestal;OVA;3°Ini-3°Int;200;Orquesta de Vientos (A);1;Piano;Individual;Orquestal;4;2;2;15:00:00;21:00:00;0;1;0;1;0
35007;Orquestal;OPA;3°Ini-3°Int;200;Orquesta de Percusión (A);1;Percusion;Individual;Orquestal;2;1;2;15:00:00;21:00:00;0;1;0;1;0
35008;Orquestal;OCB;3°Ini-3°Int;200;Orquesta de Cuerdas (B);1;Cuerda;Individual;Orquestal;4;2;2;15:00:00;21:00:00;0;1;0;1;0
35009;Orquestal;OGB;3°Ini-3°Int;200;Orquesta de Guitarras (B);1;Guitarra;Individual;Orquestal;4;2;2;15:00:00;21:00:00;0;1;0;1;0
35010;Orquestal;OVB;3°Ini-3°Int;200;Orquesta de Vientos (B);1;Piano;Individual;Orquestal;4;2;2;15:00:00;21:00:00;0;1;0;1;0
35011;Orquestal;OPB;3°Ini-3°Int;200;Orquestas de Precusion (B);1;Percusion;Individual;Orquestal;2;1;2;15:00:00;21:00:00;0;1;0;1;0
35012;Orquestal;OS;3°Ini-3°Int;200;Orquesta Sinfonica;1;Direccion;Individual;Orquestal;2;1;2;15:00:00;21:00:00;0;1;0;1;0
